{"cameraMode":{"drawMode":0,"name":"Shaded","section":"Shading Mode"},"sceneLighting":false,"audioPlay":false,"sceneViewState":{"showFog":true,"showMaterialUpdate":false,"showSkybox":false,"showFlares":true,"showImageEffects":true,"showParticleSystems":true},"in2DMode":false,"pivot":{"x":1.1920928955078126e-7,"y":0.4879589080810547,"z":0.0022055208683013918},"rotation":{"x":-0.2845456302165985,"y":-0.13059763610363007,"z":0.03915209695696831,"w":-0.9489861130714417},"size":4.383977890014648,"orthographic":false}