{"cameraMode":{"drawMode":0,"name":"Shaded","section":"Shading Mode"},"sceneLighting":false,"audioPlay":false,"sceneViewState":{"showFog":true,"showMaterialUpdate":false,"showSkybox":false,"showFlares":true,"showImageEffects":true,"showParticleSystems":true},"in2DMode":false,"pivot":{"x":2.442723035812378,"y":-0.4889202117919922,"z":3.781080484390259},"rotation":{"x":-0.1078903004527092,"y":0.6363586187362671,"z":-0.09053025394678116,"w":-0.7584361433982849},"size":28.262163162231447,"orthographic":false}