{"cameraMode":{"drawMode":0,"name":"Shaded","section":"Shading Mode"},"sceneLighting":false,"audioPlay":false,"sceneViewState":{"showFog":true,"showMaterialUpdate":false,"showSkybox":false,"showFlares":true,"showImageEffects":true,"showParticleSystems":true},"in2DMode":false,"pivot":{"x":-11.429556846618653,"y":0.5762335062026978,"z":56.20000076293945},"rotation":{"x":-0.13423295319080354,"y":0.26613369584083559,"z":-0.03744049742817879,"w":-0.9538213014602661},"size":8.661630630493164,"orthographic":false}