{"cameraMode":{"drawMode":0,"name":"Shaded","section":"Shading Mode"},"sceneLighting":true,"audioPlay":false,"sceneViewState":{"showFog":true,"showMaterialUpdate":false,"showSkybox":false,"showFlares":true,"showImageEffects":true,"showParticleSystems":true},"in2DMode":false,"pivot":{"x":-17.736589431762697,"y":0.8235689997673035,"z":4.593644142150879},"rotation":{"x":0.18961770832538606,"y":0.019451092928647996,"z":-0.0037533119320869447,"w":0.9816641211509705},"size":55.66537094116211,"orthographic":false}