{"cameraMode":{"drawMode":0,"name":"Shaded","section":"Shading Mode"},"sceneLighting":false,"audioPlay":false,"sceneViewState":{"showFog":true,"showMaterialUpdate":false,"showSkybox":false,"showFlares":true,"showImageEffects":true,"showParticleSystems":true},"in2DMode":false,"pivot":{"x":-17.260000228881837,"y":0.4936050772666931,"z":56.20000076293945},"rotation":{"x":-0.13423295319080354,"y":0.26613369584083559,"z":-0.03744049742817879,"w":-0.9538213014602661},"size":4.429933547973633,"orthographic":false}