{"cameraMode":{"drawMode":0,"name":"Shaded","section":"Shading Mode"},"sceneLighting":false,"audioPlay":false,"sceneViewState":{"showFog":true,"showMaterialUpdate":false,"showSkybox":false,"showFlares":true,"showImageEffects":true,"showParticleSystems":true},"in2DMode":false,"pivot":{"x":-11.429556846618653,"y":0.5762335062026978,"z":56.20000076293945},"rotation":{"x":-0.02347070723772049,"y":-0.9704468250274658,"z":0.10552697628736496,"w":-0.21603098511695863},"size":8.661630630493164,"orthographic":false}