{"cameraMode":{"drawMode":0,"name":"Shaded","section":"Shading Mode"},"sceneLighting":false,"audioPlay":false,"sceneViewState":{"showFog":true,"showMaterialUpdate":false,"showSkybox":false,"showFlares":true,"showImageEffects":true,"showParticleSystems":true},"in2DMode":false,"pivot":{"x":591.70361328125,"y":277.0,"z":0.7059999704360962},"rotation":{"x":0.11704390496015549,"y":-0.0023514258209615947,"z":0.0003114854625891894,"w":0.9931500554084778},"size":776.789794921875,"orthographic":true}