{"cameraMode":{"drawMode":0,"name":"Shaded","section":"Shading Mode"},"sceneLighting":false,"audioPlay":false,"sceneViewState":{"showFog":true,"showMaterialUpdate":false,"showSkybox":false,"showFlares":true,"showImageEffects":true,"showParticleSystems":true},"in2DMode":false,"pivot":{"x":-0.1409907341003418,"y":4.957248210906982,"z":0.0},"rotation":{"x":-0.31295132637023928,"y":-0.011641914956271649,"z":0.003886186983436346,"w":-0.9497334361076355},"size":21.90550422668457,"orthographic":false}