{"cameraMode":{"drawMode":0,"name":"Shaded","section":"Shading Mode"},"sceneLighting":false,"audioPlay":false,"sceneViewState":{"showFog":true,"showMaterialUpdate":false,"showSkybox":false,"showFlares":true,"showImageEffects":true,"showParticleSystems":true},"in2DMode":false,"pivot":{"x":1.4496102333068848,"y":0.025053024291992189,"z":1.1684932708740235},"rotation":{"x":-0.26988860964775088,"y":-0.015621520578861237,"z":0.004357763100415468,"w":-0.9627696871757507},"size":88.56757354736328,"orthographic":false}