{"cameraMode":{"drawMode":0,"name":"Shaded","section":"Shading Mode"},"sceneLighting":false,"audioPlay":false,"sceneViewState":{"showFog":true,"showMaterialUpdate":false,"showSkybox":false,"showFlares":true,"showImageEffects":true,"showParticleSystems":true},"in2DMode":false,"pivot":{"x":-17.260000228881837,"y":0.4879589080810547,"z":56.202205657958987},"rotation":{"x":-0.33140796422958376,"y":0.012489425018429757,"z":-0.004354875069111586,"w":-0.943440318107605},"size":4.383976459503174,"orthographic":false}