{"cameraMode":{"drawMode":0,"name":"Shaded","section":"Shading Mode"},"sceneLighting":false,"audioPlay":false,"sceneViewState":{"showFog":true,"showMaterialUpdate":false,"showSkybox":false,"showFlares":true,"showImageEffects":true,"showParticleSystems":true},"in2DMode":false,"pivot":{"x":-11.429556846618653,"y":0.5762335062026978,"z":56.20000076293945},"rotation":{"x":0.0026034582406282427,"y":0.889002799987793,"z":0.005059077870100737,"w":-0.4580148458480835},"size":7.204654693603516,"orthographic":false}