{"cameraMode":{"drawMode":0,"name":"Shaded","section":"Shading Mode"},"sceneLighting":false,"audioPlay":false,"sceneViewState":{"showFog":true,"showMaterialUpdate":false,"showSkybox":false,"showFlares":true,"showImageEffects":true,"showParticleSystems":true},"in2DMode":false,"pivot":{"x":0.009936332702636719,"y":0.1930069476366043,"z":-0.02974843978881836},"rotation":{"x":0.055363886058330539,"y":-0.9232302904129028,"z":0.145497128367424,"w":0.35131368041038515},"size":55.599693298339847,"orthographic":false}