{"cameraMode":{"drawMode":0,"name":"Shaded","section":"Shading Mode"},"sceneLighting":false,"audioPlay":false,"sceneViewState":{"showFog":true,"showMaterialUpdate":false,"showSkybox":false,"showFlares":true,"showImageEffects":true,"showParticleSystems":true},"in2DMode":false,"pivot":{"x":3.4952046871185304,"y":19.024532318115236,"z":-1.815033197402954},"rotation":{"x":0.045557331293821338,"y":0.9461240768432617,"z":0.1528635174036026,"w":-0.2818310558795929},"size":25.232528686523439,"orthographic":false}