{"cameraMode":{"drawMode":0,"name":"Shaded","section":"Shading Mode"},"sceneLighting":false,"audioPlay":false,"sceneViewState":{"showFog":true,"showMaterialUpdate":false,"showSkybox":false,"showFlares":true,"showImageEffects":true,"showParticleSystems":true},"in2DMode":false,"pivot":{"x":-11.399999618530274,"y":1.1229894161224366,"z":56.2039794921875},"rotation":{"x":-0.00018533499678596854,"y":0.9992456436157227,"z":0.038680437952280048,"w":0.004797548055648804},"size":6.701133728027344,"orthographic":false}