{"cameraMode":{"drawMode":0,"name":"Shaded","section":"Shading Mode"},"sceneLighting":false,"audioPlay":false,"sceneViewState":{"showFog":true,"showMaterialUpdate":false,"showSkybox":false,"showFlares":true,"showImageEffects":true,"showParticleSystems":true},"in2DMode":false,"pivot":{"x":-11.399999618530274,"y":1.1229894161224366,"z":56.2039794921875},"rotation":{"x":0.00042658057645894587,"y":0.9995749592781067,"z":0.02218448370695114,"w":-0.019193153828382493},"size":6.701133728027344,"orthographic":false}