{"cameraMode":{"drawMode":0,"name":"Shaded","section":"Shading Mode"},"sceneLighting":false,"audioPlay":false,"sceneViewState":{"showFog":true,"showMaterialUpdate":false,"showSkybox":false,"showFlares":true,"showImageEffects":true,"showParticleSystems":true},"in2DMode":false,"pivot":{"x":-11.399999618530274,"y":1.1229894161224366,"z":56.2039794921875},"rotation":{"x":0.07063072174787522,"y":-0.0580110140144825,"z":0.00411566998809576,"w":0.9958086013793945},"size":8.43589973449707,"orthographic":false}