{"cameraMode":{"drawMode":0,"name":"Shaded","section":"Shading Mode"},"sceneLighting":false,"audioPlay":false,"sceneViewState":{"showFog":true,"showMaterialUpdate":false,"showSkybox":false,"showFlares":true,"showImageEffects":true,"showParticleSystems":true},"in2DMode":false,"pivot":{"x":-0.09341001510620117,"y":6.223267078399658,"z":-0.04830574989318848},"rotation":{"x":-0.26988860964775088,"y":-0.015621520578861237,"z":0.004357763100415468,"w":-0.9627696871757507},"size":24.731645584106447,"orthographic":false}