{"cameraMode":{"drawMode":0,"name":"Shaded","section":"Shading Mode"},"sceneLighting":false,"audioPlay":false,"sceneViewState":{"showFog":true,"showMaterialUpdate":false,"showSkybox":false,"showFlares":true,"showImageEffects":true,"showParticleSystems":true},"in2DMode":false,"pivot":{"x":-17.260000228881837,"y":0.4879589080810547,"z":56.202205657958987},"rotation":{"x":-0.1404082030057907,"y":0.16232281923294068,"z":-0.023324759677052499,"w":-0.9764653444290161},"size":2.5839765071868898,"orthographic":false}