{"cameraMode":{"drawMode":0,"name":"Shaded","section":"Shading Mode"},"sceneLighting":false,"audioPlay":false,"sceneViewState":{"showFog":true,"showMaterialUpdate":false,"showSkybox":false,"showFlares":true,"showImageEffects":true,"showParticleSystems":true},"in2DMode":false,"pivot":{"x":-4.7277374267578129,"y":9.015534400939942,"z":1.5852336883544922},"rotation":{"x":-0.26988860964775088,"y":-0.015621520578861237,"z":0.004357763100415468,"w":-0.9627696871757507},"size":78.51703643798828,"orthographic":false}