{"cameraMode":{"drawMode":0,"name":"Shaded","section":"Shading Mode"},"sceneLighting":true,"audioPlay":false,"sceneViewState":{"showFog":true,"showMaterialUpdate":false,"showSkybox":true,"showFlares":true,"showImageEffects":true,"showParticleSystems":true},"in2DMode":false,"pivot":{"x":248.19302368164063,"y":85.98030090332031,"z":-5.99334716796875},"rotation":{"x":0.03629562258720398,"y":0.02161450684070587,"z":-0.0007468247786164284,"w":0.9991337656974793},"size":405.5918884277344,"orthographic":false}