{"cameraMode":{"drawMode":0,"name":"Shaded","section":"Shading Mode"},"sceneLighting":false,"audioPlay":false,"sceneViewState":{"showFog":true,"showMaterialUpdate":false,"showSkybox":false,"showFlares":true,"showImageEffects":true,"showParticleSystems":true},"in2DMode":false,"pivot":{"x":-0.0037785694003105165,"y":0.0009237378835678101,"z":-0.00383545458316803},"rotation":{"x":0.016415338963270189,"y":-0.4675953686237335,"z":0.009387924335896969,"w":0.883889377117157},"size":0.2369258999824524,"orthographic":false}