{"cameraMode":{"drawMode":0,"name":"Shaded","section":"Shading Mode"},"sceneLighting":false,"audioPlay":false,"sceneViewState":{"showFog":true,"showMaterialUpdate":false,"showSkybox":true,"showFlares":true,"showImageEffects":true,"showParticleSystems":true},"in2DMode":false,"pivot":{"x":0.375819593667984,"y":2.6863183975219728,"z":0.6308375000953674},"rotation":{"x":-0.2582623362541199,"y":-0.16188327968120576,"z":0.04315272718667984,"w":-0.9515575170516968},"size":41.78401184082031,"orthographic":false}