{"cameraMode":{"drawMode":0,"name":"Shaded","section":"Shading Mode"},"sceneLighting":false,"audioPlay":false,"sceneViewState":{"showFog":true,"showMaterialUpdate":false,"showSkybox":false,"showFlares":true,"showImageEffects":true,"showParticleSystems":true},"in2DMode":false,"pivot":{"x":1.1920928955078126e-7,"y":0.4936050474643707,"z":-5.960464477539063e-8},"rotation":{"x":0.21813221275806428,"y":0.021923808380961419,"z":-0.003783254651352763,"w":0.9758147597312927},"size":4.429935932159424,"orthographic":false}