{"cameraMode":{"drawMode":0,"name":"Shaded","section":"Shading Mode"},"sceneLighting":true,"audioPlay":false,"sceneViewState":{"showFog":true,"showMaterialUpdate":false,"showSkybox":true,"showFlares":true,"showImageEffects":true,"showParticleSystems":true},"in2DMode":false,"pivot":{"x":-5.909067630767822,"y":14.790092468261719,"z":-42.200096130371097},"rotation":{"x":0.49677208065986636,"y":-0.00781064759939909,"z":0.004471056628972292,"w":0.8678345680236816},"size":91.7679214477539,"orthographic":false}