{"cameraMode":{"drawMode":0,"name":"Shaded","section":"Shading Mode"},"sceneLighting":false,"audioPlay":false,"sceneViewState":{"showFog":true,"showMaterialUpdate":false,"showSkybox":false,"showFlares":true,"showImageEffects":true,"showParticleSystems":true},"in2DMode":false,"pivot":{"x":0.0,"y":0.6919999122619629,"z":1.9930000305175782},"rotation":{"x":0.21389029920101167,"y":-0.4405141770839691,"z":0.10893770307302475,"w":0.8650749325752258},"size":1.7673194408416749,"orthographic":false}