{"cameraMode":{"drawMode":0,"name":"Shaded","section":"Shading Mode"},"sceneLighting":false,"audioPlay":false,"sceneViewState":{"showFog":true,"showMaterialUpdate":false,"showSkybox":true,"showFlares":true,"showImageEffects":true,"showParticleSystems":true},"in2DMode":false,"pivot":{"x":46.63032531738281,"y":43.75469970703125,"z":16.36197280883789},"rotation":{"x":-0.21629470586776734,"y":-0.7088472843170166,"z":0.24250847101211549,"w":-0.6263261437416077},"size":70.14065551757813,"orthographic":false}