{"cameraMode":{"drawMode":0,"name":"Shaded","section":"Shading Mode"},"sceneLighting":false,"audioPlay":false,"sceneViewState":{"showFog":true,"showMaterialUpdate":false,"showSkybox":false,"showFlares":true,"showImageEffects":true,"showParticleSystems":true},"in2DMode":false,"pivot":{"x":0.19611918926239015,"y":-0.5239620208740234,"z":0.08215637505054474},"rotation":{"x":-0.11344360560178757,"y":0.8781818151473999,"z":-0.25665003061294558,"w":-0.38759657740592959},"size":9.768350601196289,"orthographic":false}