{"cameraMode":{"drawMode":0,"name":"Shaded","section":"Shading Mode"},"sceneLighting":false,"audioPlay":false,"sceneViewState":{"showFog":true,"showMaterialUpdate":false,"showSkybox":false,"showFlares":true,"showImageEffects":true,"showParticleSystems":true},"in2DMode":false,"pivot":{"x":0.4719057083129883,"y":0.3665127158164978,"z":0.7120275497436523},"rotation":{"x":0.2690936326980591,"y":-0.3440234065055847,"z":0.10359831899404526,"w":0.8935906291007996},"size":15.690783500671387,"orthographic":false}