{"cameraMode":{"drawMode":0,"name":"Shaded","section":"Shading Mode"},"sceneLighting":false,"audioPlay":false,"sceneViewState":{"showFog":true,"showMaterialUpdate":false,"showSkybox":false,"showFlares":true,"showImageEffects":true,"showParticleSystems":true},"in2DMode":false,"pivot":{"x":-0.03395390510559082,"y":0.38352838158607485,"z":0.9518017768859863},"rotation":{"x":-0.019944071769714357,"y":0.503680408000946,"z":0.011656161397695542,"w":0.8635917901992798},"size":1.797607421875,"orthographic":false}