{"cameraMode":{"drawMode":0,"name":"Shaded","section":"Shading Mode"},"sceneLighting":false,"audioPlay":false,"sceneViewState":{"showFog":true,"showMaterialUpdate":false,"showSkybox":false,"showFlares":true,"showImageEffects":true,"showParticleSystems":true},"in2DMode":false,"pivot":{"x":1.1712636947631837,"y":0.824360191822052,"z":-1.8436970710754395},"rotation":{"x":-0.04639438912272453,"y":0.8940734267234802,"z":-0.4351997375488281,"w":-0.09531239420175553},"size":2.352728843688965,"orthographic":false}