{"cameraMode":{"drawMode":0,"name":"Shaded","section":"Shading Mode"},"sceneLighting":false,"audioPlay":false,"sceneViewState":{"showFog":true,"showMaterialUpdate":false,"showSkybox":false,"showFlares":true,"showImageEffects":true,"showParticleSystems":true},"in2DMode":false,"pivot":{"x":0.5246999263763428,"y":0.7049999833106995,"z":-1.3267303705215455},"rotation":{"x":0.0790327861905098,"y":0.9191510677337647,"z":-0.24107222259044648,"w":0.3013322949409485},"size":5.665003299713135,"orthographic":true}