{"cameraMode":{"drawMode":0,"name":"Shaded","section":"Shading Mode"},"sceneLighting":false,"audioPlay":false,"sceneViewState":{"showFog":true,"showMaterialUpdate":false,"showSkybox":false,"showFlares":true,"showImageEffects":true,"showParticleSystems":true},"in2DMode":false,"pivot":{"x":0.009936332702636719,"y":0.2156519591808319,"z":0.005925655364990234},"rotation":{"x":0.03962307050824165,"y":-0.7433329820632935,"z":0.04420458897948265,"w":0.6662889719009399},"size":6.666755676269531,"orthographic":true}