{"cameraMode":{"drawMode":0,"name":"Shaded","section":"Shading Mode"},"sceneLighting":false,"audioPlay":false,"sceneViewState":{"showFog":true,"showMaterialUpdate":false,"showSkybox":true,"showFlares":true,"showImageEffects":true,"showParticleSystems":true},"in2DMode":false,"pivot":{"x":-23.11768341064453,"y":-3.385361671447754,"z":-1.3098487854003907},"rotation":{"x":0.5384301543235779,"y":0.04673924297094345,"z":-0.02877439372241497,"w":0.8410422801971436},"size":102.78936004638672,"orthographic":false}