{"cameraMode":{"drawMode":0,"name":"Shaded","section":"Shading Mode"},"sceneLighting":false,"audioPlay":false,"sceneViewState":{"showFog":true,"showMaterialUpdate":false,"showSkybox":true,"showFlares":true,"showImageEffects":true,"showParticleSystems":true},"in2DMode":false,"pivot":{"x":4.857526779174805,"y":7.668294906616211,"z":-3.7111587524414064},"rotation":{"x":0.25924772024154665,"y":-0.08897580206394196,"z":0.0243618693202734,"w":0.9614983201026917},"size":13.63662338256836,"orthographic":false}