{"cameraMode":{"drawMode":0,"name":"Shaded","section":"Shading Mode"},"sceneLighting":false,"audioPlay":false,"sceneViewState":{"showFog":true,"showMaterialUpdate":false,"showSkybox":false,"showFlares":true,"showImageEffects":true,"showParticleSystems":true},"in2DMode":false,"pivot":{"x":0.0,"y":0.29500001668930056,"z":1.3990000486373902},"rotation":{"x":-0.01468017790466547,"y":-0.04940389096736908,"z":-0.0005729309050366283,"w":0.9987368583679199},"size":1.3347785472869874,"orthographic":false}