{"cameraMode":{"drawMode":0,"name":"Shaded","section":"Shading Mode"},"sceneLighting":true,"audioPlay":false,"sceneViewState":{"showFog":true,"showMaterialUpdate":false,"showSkybox":true,"showFlares":true,"showImageEffects":true,"showParticleSystems":true},"in2DMode":false,"pivot":{"x":-0.215951606631279,"y":1.1446447372436524,"z":0.282540500164032},"rotation":{"x":0.08190002292394638,"y":-0.7321377992630005,"z":0.08977334201335907,"w":0.670366108417511},"size":7.54625940322876,"orthographic":false}