{"cameraMode":{"drawMode":0,"name":"Shaded","section":"Shading Mode"},"sceneLighting":true,"audioPlay":false,"sceneViewState":{"showFog":true,"showMaterialUpdate":false,"showSkybox":true,"showFlares":true,"showImageEffects":true,"showParticleSystems":true},"in2DMode":false,"pivot":{"x":0.24545326828956605,"y":1.382527470588684,"z":1.2288849353790284},"rotation":{"x":-0.06500540673732758,"y":-0.7437880039215088,"z":0.07288394868373871,"w":-0.6613732576370239},"size":6.300552845001221,"orthographic":false}