{"cameraMode":{"drawMode":0,"name":"Shaded","section":"Shading Mode"},"sceneLighting":false,"audioPlay":false,"sceneViewState":{"showFog":true,"showMaterialUpdate":false,"showSkybox":false,"showFlares":true,"showImageEffects":true,"showParticleSystems":true},"in2DMode":false,"pivot":{"x":-0.029557108879089357,"y":0.7762334942817688,"z":-2.384185791015625e-7},"rotation":{"x":0.004831917118281126,"y":-0.7198246121406555,"z":-0.005331186577677727,"w":-0.6942505836486816},"size":5.017762660980225,"orthographic":false}