{"cameraMode":{"drawMode":0,"name":"Shaded","section":"Shading Mode"},"sceneLighting":true,"audioPlay":false,"sceneViewState":{"showFog":true,"showMaterialUpdate":false,"showSkybox":true,"showFlares":true,"showImageEffects":true,"showParticleSystems":true},"in2DMode":false,"pivot":{"x":1.7396512031555176,"y":1.905268907546997,"z":1.0545004606246949},"rotation":{"x":0.00870752613991499,"y":0.6718542575836182,"z":0.0078025637194514278,"w":-0.7406793236732483},"size":2.5783565044403078,"orthographic":false}