{"cameraMode":{"drawMode":0,"name":"Shaded","section":"Shading Mode"},"sceneLighting":true,"audioPlay":false,"sceneViewState":{"showFog":true,"showMaterialUpdate":false,"showSkybox":true,"showFlares":true,"showImageEffects":true,"showParticleSystems":true},"in2DMode":false,"pivot":{"x":-0.11356842517852783,"y":1.3075470924377442,"z":16.33782958984375},"rotation":{"x":0.13190844655036927,"y":0.023004993796348573,"z":-0.00282361195422709,"w":0.991118848323822},"size":21.284902572631837,"orthographic":false}