{"cameraMode":{"drawMode":0,"name":"Shaded","section":"Shading Mode"},"sceneLighting":true,"audioPlay":false,"sceneViewState":{"showFog":true,"showMaterialUpdate":false,"showSkybox":true,"showFlares":true,"showImageEffects":true,"showParticleSystems":true},"in2DMode":false,"pivot":{"x":-0.029557228088378907,"y":0.7762334942817688,"z":13.079999923706055},"rotation":{"x":-0.17337042093276978,"y":-0.5641664266586304,"z":0.12153911590576172,"w":-0.7982491254806519},"size":8.66163158416748,"orthographic":false}