{"cameraMode":{"drawMode":0,"name":"Shaded","section":"Shading Mode"},"sceneLighting":true,"audioPlay":false,"sceneViewState":{"showFog":true,"showMaterialUpdate":false,"showSkybox":true,"showFlares":true,"showImageEffects":true,"showParticleSystems":true},"in2DMode":false,"pivot":{"x":-29.44799041748047,"y":-18.546762466430665,"z":13.460363388061524},"rotation":{"x":0.5354622006416321,"y":0.04324345290660858,"z":-0.027112046256661416,"w":0.8431251645088196},"size":255.80198669433595,"orthographic":false}